{
    "total_km": 97.8511558409173,
    "daily_km": 11.29439310835001,
    "last_date": "2025-12-11"
}