{
    "total_km": 178.26850709154897,
    "daily_km": 11.449853137281726,
    "last_date": "2025-12-12"
}