{
    "total_km": 166.81865395426723,
    "daily_km": 80.26189122169997,
    "last_date": "2025-12-11"
}