{
    "total_km": 100.58033562797007,
    "daily_km": 100.58033562797007,
    "last_date": "2025-12-14"
}