{
    "total_km": 2.102469014389747,
    "daily_km": 2.102469014389747,
    "last_date": "2026-04-30"
}